z,sigma8,xi_min,alpha_hill,alpha_pareto,tail_event_count
0.5,0.75,3.1622776601683795e-05,0.5666904988435358,0.5666904988435358,499351
0.5,0.75,3.665241237079626e-05,0.6184176938296284,0.6184176938296284,499351
0.5,0.75,4.248201698162608e-05,0.6805367077320839,0.6805367077320839,499351
0.5,0.75,4.9238826317067415e-05,0.7565287435468652,0.7565287435468652,499351
0.5,0.75,5.707031326057167e-05,0.851625370884916,0.851625370884916,499351
0.5,0.75,6.614740641230145e-05,0.9740668105157437,0.9740668105157437,499351
0.5,0.75,7.666822074546222e-05,1.0621799682281752,1.0621799682281752,467348
0.5,0.75,8.886238162743407e-05,1.0665887087838244,1.0665887087838244,401067
0.5,0.75,0.00010299603658099899,1.071328796748616,1.071328796748616,344063
0.5,0.75,0.00011937766417144357,1.0775617350821514,1.0775617350821514,295316
0.5,0.75,0.00013836480680324593,1.0823708525594904,1.0823708525594904,252918
0.5,0.75,0.0001603718743751331,1.0879600500915814,1.0879600500915814,216607
0.5,0.75,0.00018587918911465635,1.0940040698229427,1.0940040698229427,185408
0.5,0.75,0.00021544346900318823,1.1005740642870225,1.1005740642870225,158634
0.5,0.75,0.0002497099786006541,1.1077529088995193,1.1077529088995193,135647
0.5,0.75,0.0002894266124716752,1.117260673369743,1.117260673369743,116086
0.5,0.75,0.00033546021859540435,1.124422907116949,1.124422907116949,99025
0.5,0.75,0.00038881551803080855,1.1353526516971812,1.1353526516971812,84635
0.5,0.75,0.0004506570337745473,1.1444242347376268,1.1444242347376268,72103
0.5,0.75,0.0005223345074266843,1.156066967189044,1.156066967189044,61468
0.5,0.75,0.0006054123584037269,1.1641733901190954,1.1641733901190954,52161
0.5,0.75,0.0007017038286703822,1.1713709324348853,1.1713709324348853,44170
0.5,0.75,0.0008133105582266928,1.1774719981358297,1.1774719981358297,37341
0.5,0.75,0.0009426684551178855,1.1886253953257329,1.1886253953257329,31647
0.5,0.75,0.001092600861117378,1.196703667005924,1.196703667005924,26720
0.5,0.75,0.0012663801734674022,1.2124444260286176,1.2124444260286176,22662
0.5,0.75,0.0014677992676220691,1.2254838192141393,1.2254838192141393,19134
0.5,0.75,0.0017012542798525892,1.2368441813394442,1.2368441813394442,16101
0.5,0.75,0.001971840556512642,1.2538136762080112,1.2538136762080112,13579
0.5,0.75,0.0022854638641349886,1.2755525259352862,1.2755525259352862,11463
0.5,0.75,0.0026489692876105267,1.3006798709443195,1.3006798709443195,9668
0.5,0.75,0.00307029062975785,1.3142141007796457,1.3142141007796457,8055
0.5,0.75,0.0035586235730509655,1.3292676522363471,1.3292676522363471,6701
0.5,0.75,0.004124626382901348,1.3545890539860486,1.3545890539860486,5602
0.5,0.75,0.00478065253300738,1.3719606662227992,1.3719606662227992,4641
0.5,0.75,0.005541020330009492,1.3884158011230099,1.3884158011230099,3830
0.5,0.75,0.006422325422229356,1.4262102428703105,1.4262102428703105,3196
0.5,0.75,0.007443803013251681,1.4525098240518453,1.4525098240518453,2633
0.5,0.75,0.008627747685955867,1.47184721887352,1.47184721887352,2152
0.5,0.75,0.01,1.5183679433782689,1.5183679433782689,1780
0.5,0.81,3.1622776601683795e-05,0.5497616165231719,0.5497616165231719,497002
0.5,0.81,3.665241237079626e-05,0.5983120673947777,0.5983120673947777,497002
0.5,0.81,4.248201698162608e-05,0.6562683194191652,0.6562683194191652,497002
0.5,0.81,4.9238826317067415e-05,0.726656850520302,0.726656850520302,497002
0.5,0.81,5.707031326057167e-05,0.8139585621385517,0.8139585621385517,497002
0.5,0.81,6.614740641230145e-05,0.9251017614925983,0.9251017614925983,497002
0.5,0.81,7.666822074546222e-05,1.0602936054115728,1.0602936054115728,491893
0.5,0.81,8.886238162743407e-05,1.0641193242147082,1.0641193242147082,422024
0.5,0.81,0.00010299603658099899,1.0690514230701054,1.0690514230701054,362223
0.5,0.81,0.00011937766417144357,1.075342471843798,1.075342471843798,311031
0.5,0.81,0.00013836480680324593,1.0806215227003984,1.0806215227003984,266574
0.5,0.81,0.0001603718743751331,1.0848761636028785,1.0848761636028785,228093
0.5,0.81,0.00018587918911465635,1.092076723406866,1.092076723406866,195528
0.5,0.81,0.00021544346900318823,1.0982309899943599,1.0982309899943599,167290
0.5,0.81,0.0002497099786006541,1.105272363940361,1.105272363940361,143098
0.5,0.81,0.0002894266124716752,1.1135676463948565,1.1135676463948565,122402
0.5,0.81,0.00033546021859540435,1.1202451299771756,1.1202451299771756,104416
0.5,0.81,0.00038881551803080855,1.1300445611110619,1.1300445611110619,89220
0.5,0.81,0.0004506570337745473,1.139307450249958,1.139307450249958,76081
0.5,0.81,0.0005223345074266843,1.15053476972025,1.15053476972025,64887
0.5,0.81,0.0006054123584037269,1.158415002590476,1.158415002590476,55087
0.5,0.81,0.0007017038286703822,1.1685958622617105,1.1685958622617105,46805
0.5,0.81,0.0008133105582266928,1.1731821460578336,1.1731821460578336,39536
0.5,0.81,0.0009426684551178855,1.186117831557661,1.186117831557661,33584
0.5,0.81,0.001092600861117378,1.1929812803183704,1.1929812803183704,28344
0.5,0.81,0.0012663801734674022,1.2073113965928035,1.2073113965928035,24032
0.5,0.81,0.0014677992676220691,1.2212068585394884,1.2212068585394884,20322
0.5,0.81,0.0017012542798525892,1.2333027236519083,1.2333027236519083,17125
0.5,0.81,0.001971840556512642,1.249174533698643,1.249174533698643,14444
0.5,0.81,0.0022854638641349886,1.2672617595590552,1.2672617595590552,12170
0.5,0.81,0.0026489692876105267,1.2890930062494543,1.2890930062494543,10250
0.5,0.81,0.00307029062975785,1.3085299748701773,1.3085299748701773,8584
0.5,0.81,0.0035586235730509655,1.3302499042913778,1.3302499042913778,7183
0.5,0.81,0.004124626382901348,1.3447568955779754,1.3447568955779754,5962
0.5,0.81,0.00478065253300738,1.3642891420416368,1.3642891420416368,4951
0.5,0.81,0.005541020330009492,1.3953081272084153,1.3953081272084153,4133
0.5,0.81,0.006422325422229356,1.4317935769555028,1.4317935769555028,3448
0.5,0.81,0.007443803013251681,1.4472388691132492,1.4472388691132492,2817
0.5,0.81,0.008627747685955867,1.4611077354629554,1.4611077354629554,2293
0.5,0.81,0.01,1.5117434466465673,1.5117434466465673,1905
0.5,0.87,3.1622776601683795e-05,0.5374581755095342,0.5374581755095342,498654
0.5,0.87,3.665241237079626e-05,0.5837683374647786,0.5837683374647786,498654
0.5,0.87,4.248201698162608e-05,0.6388116350171757,0.6388116350171757,498654
0.5,0.87,4.9238826317067415e-05,0.7053155761053667,0.7053155761053667,498654
0.5,0.87,5.707031326057167e-05,0.7872754484248786,0.7872754484248786,498654
0.5,0.87,6.614740641230145e-05,0.8907877686640406,0.8907877686640406,498654
0.5,0.87,7.666822074546222e-05,1.0256407681519535,1.0256407681519535,498654
0.5,0.87,8.886238162743407e-05,1.062266540740334,1.062266540740334,441895
0.5,0.87,0.00010299603658099899,1.0662515077757098,1.0662515077757098,379075
0.5,0.87,0.00011937766417144357,1.0718297140185233,1.0718297140185233,325439
0.5,0.87,0.00013836480680324593,1.0778171444293674,1.0778171444293674,279246
0.5,0.87,0.0001603718743751331,1.0826993940202299,1.0826993940202299,239178
0.5,0.87,0.00018587918911465635,1.089270350428465,1.089270350428465,205007
0.5,0.87,0.00021544346900318823,1.0941021036465346,1.0941021036465346,175267
0.5,0.87,0.0002497099786006541,1.1023117678094594,1.1023117678094594,150164
0.5,0.87,0.0002894266124716752,1.1098660417072557,1.1098660417072557,128431
0.5,0.87,0.00033546021859540435,1.1177635800528727,1.1177635800528727,109730
0.5,0.87,0.00038881551803080855,1.1263507102409072,1.1263507102409072,93707
0.5,0.87,0.0004506570337745473,1.1357045425333445,1.1357045425333445,79954
0.5,0.87,0.0005223345074266843,1.1454796563628458,1.1454796563628458,68147
0.5,0.87,0.0006054123584037269,1.1567096493980407,1.1567096493980407,58059
0.5,0.87,0.0007017038286703822,1.1651258229465062,1.1651258229465062,49276
0.5,0.87,0.0008133105582266928,1.1699472756931513,1.1699472756931513,41641
0.5,0.87,0.0009426684551178855,1.1832643343848748,1.1832643343848748,35402
0.5,0.87,0.001092600861117378,1.189058457858349,1.189058457858349,29860
0.5,0.87,0.0012663801734674022,1.2015540667919127,1.2015540667919127,25293
0.5,0.87,0.0014677992676220691,1.2156187555071414,1.2156187555071414,21407
0.5,0.87,0.0017012542798525892,1.2292754570792124,1.2292754570792124,18074
0.5,0.87,0.001971840556512642,1.244528950540568,1.244528950540568,15250
0.5,0.87,0.0022854638641349886,1.2595811492070195,1.2595811492070195,12834
0.5,0.87,0.0026489692876105267,1.2794162960720812,1.2794162960720812,10807
0.5,0.87,0.00307029062975785,1.304225325193549,1.304225325193549,9098
0.5,0.87,0.0035586235730509655,1.3252690424314888,1.3252690424314888,7616
0.5,0.87,0.004124626382901348,1.3374388059230669,1.3374388059230669,6315
0.5,0.87,0.00478065253300738,1.3565543921969438,1.3565543921969438,5250
0.5,0.87,0.005541020330009492,1.3815689373572444,1.3815689373572444,4371
0.5,0.87,0.006422325422229356,1.4118639255867607,1.4118639255867607,3637
0.5,0.87,0.007443803013251681,1.4455141519449017,1.4455141519449017,3013
0.5,0.87,0.008627747685955867,1.457072186154633,1.457072186154633,2450
0.5,0.87,0.01,1.5008931983926521,1.5008931983926521,2029
1.0,0.75,3.1622776601683795e-05,0.34088147044589273,0.34088147044589273,500007
1.0,0.75,3.665241237079626e-05,0.35894148693551936,0.35894148693551936,500007
1.0,0.75,4.248201698162608e-05,0.3790222129635508,0.3790222129635508,500007
1.0,0.75,4.9238826317067415e-05,0.40148288736172133,0.40148288736172133,500007
1.0,0.75,5.707031326057167e-05,0.42677326625606576,0.42677326625606576,500007
1.0,0.75,6.614740641230145e-05,0.45546404920005634,0.45546404920005634,500007
1.0,0.75,7.666822074546222e-05,0.48829046262489856,0.48829046262489856,500007
1.0,0.75,8.886238162743407e-05,0.5262161541410638,0.5262161541410638,500007
1.0,0.75,0.00010299603658099899,0.5705293704782236,0.5705293704782236,500007
1.0,0.75,0.00011937766417144357,0.622992199478434,0.622992199478434,500007
1.0,0.75,0.00013836480680324593,0.6860804914504592,0.6860804914504592,500007
1.0,0.75,0.0001603718743751331,0.7633859822331641,0.7633859822331641,500007
1.0,0.75,0.00018587918911465635,0.8603247986241793,0.8603247986241793,500007
1.0,0.75,0.00021544346900318823,0.9854643024962985,0.9854643024962985,500007
1.0,0.75,0.0002497099786006541,1.1000905403329548,1.1000905403329548,477536
1.0,0.75,0.0002894266124716752,1.1075841483764934,1.1075841483764934,408516
1.0,0.75,0.00033546021859540435,1.115099439240569,1.115099439240569,349065
1.0,0.75,0.00038881551803080855,1.1244462775219337,1.1244462775219337,298372
1.0,0.75,0.0004506570337745473,1.133858424357461,1.133858424357461,254684
1.0,0.75,0.0005223345074266843,1.1433231793570438,1.1433231793570438,217080
1.0,0.75,0.0006054123584037269,1.152137844803326,1.152137844803326,184662
1.0,0.75,0.0007017038286703822,1.161764197499447,1.161764197499447,156971
1.0,0.75,0.0008133105582266928,1.1727810359715516,1.1727810359715516,133380
1.0,0.75,0.0009426684551178855,1.1828027450927072,1.1828027450927072,113070
1.0,0.75,0.001092600861117378,1.1931011261573072,1.1931011261573072,95702
1.0,0.75,0.0012663801734674022,1.204491371587932,1.204491371587932,80954
1.0,0.75,0.0014677992676220691,1.2179050458777063,1.2179050458777063,68460
1.0,0.75,0.0017012542798525892,1.2345391755242539,1.2345391755242539,57905
1.0,0.75,0.001971840556512642,1.247032118020366,1.247032118020366,48698
1.0,0.75,0.0022854638641349886,1.264347204353651,1.264347204353651,41024
1.0,0.75,0.0026489692876105267,1.278362541311133,1.278362541311133,34381
1.0,0.75,0.00307029062975785,1.2930487335980052,1.2930487335980052,28767
1.0,0.75,0.0035586235730509655,1.3137069189606443,1.3137069189606443,24108
1.0,0.75,0.004124626382901348,1.3316573947423602,1.3316573947423602,20108
1.0,0.75,0.00478065253300738,1.3562962044661873,1.3562962044661873,16799
1.0,0.75,0.005541020330009492,1.3740480766007312,1.3740480766007312,13911
1.0,0.75,0.006422325422229356,1.395621329726699,1.395621329726699,11519
1.0,0.75,0.007443803013251681,1.424332223175684,1.424332223175684,9549
1.0,0.75,0.008627747685955867,1.462026706591902,1.462026706591902,7919
1.0,0.75,0.01,1.5025942978740625,1.5025942978740625,6539
1.0,0.81,3.1622776601683795e-05,0.33454218829355303,0.33454218829355303,499408
1.0,0.81,3.665241237079626e-05,0.3519196146683819,0.3519196146683819,499408
1.0,0.81,4.248201698162608e-05,0.3712012560359847,0.3712012560359847,499408
1.0,0.81,4.9238826317067415e-05,0.3927182506925682,0.3927182506925682,499408
1.0,0.81,5.707031326057167e-05,0.41688324018440726,0.41688324018440726,499408
1.0,0.81,6.614740641230145e-05,0.44421708898975887,0.44421708898975887,499408
1.0,0.81,7.666822074546222e-05,0.4753868533788516,0.4753868533788516,499408
1.0,0.81,8.886238162743407e-05,0.5112609417240953,0.5112609417240953,499408
1.0,0.81,0.00010299603658099899,0.5529912887129481,0.5529912887129481,499408
1.0,0.81,0.00011937766417144357,0.6021393498160093,0.6021393498160093,499408
1.0,0.81,0.00013836480680324593,0.6608758375479207,0.6608758375479207,499408
1.0,0.81,0.0001603718743751331,0.7323099948425189,0.7323099948425189,499408
1.0,0.81,0.00018587918911465635,0.8210582953317281,0.8210582953317281,499408
1.0,0.81,0.00021544346900318823,0.9342836922946102,0.9342836922946102,499408
1.0,0.81,0.0002497099786006541,1.0836476158490422,1.0836476158490422,499369
1.0,0.81,0.0002894266124716752,1.102698726695851,1.102698726695851,432083
1.0,0.81,0.00033546021859540435,1.110511345077055,1.110511345077055,369564
1.0,0.81,0.00038881551803080855,1.1193607291281251,1.1193607291281251,316009
1.0,0.81,0.0004506570337745473,1.1285933488741133,1.1285933488741133,269916
1.0,0.81,0.0005223345074266843,1.1382972796760031,1.1382972796760031,230306
1.0,0.81,0.0006054123584037269,1.146385869697186,1.146385869697186,195950
1.0,0.81,0.0007017038286703822,1.1567064801184128,1.1567064801184128,166816
1.0,0.81,0.0008133105582266928,1.166395819346986,1.166395819346986,141717
1.0,0.81,0.0009426684551178855,1.1754916034537652,1.1754916034537652,120156
1.0,0.81,0.001092600861117378,1.1882905530810302,1.1882905530810302,102018
1.0,0.81,0.0012663801734674022,1.1972786953919303,1.1972786953919303,86208
1.0,0.81,0.0014677992676220691,1.2097995781522415,1.2097995781522415,72932
1.0,0.81,0.0017012542798525892,1.2250494244255556,1.2250494244255556,61702
1.0,0.81,0.001971840556512642,1.2407795368918273,1.2407795368918273,52097
1.0,0.81,0.0022854638641349886,1.2539849691101193,1.2539849691101193,43803
1.0,0.81,0.0026489692876105267,1.270217462768371,1.270217462768371,36821
1.0,0.81,0.00307029062975785,1.283378046161726,1.283378046161726,30815
1.0,0.81,0.0035586235730509655,1.3035735717686523,1.3035735717686523,25859
1.0,0.81,0.004124626382901348,1.317623120453963,1.317623120453963,21545
1.0,0.81,0.00478065253300738,1.3384959765847795,1.3384959765847795,17989
1.0,0.81,0.005541020330009492,1.3612310282907236,1.3612310282907236,14985
1.0,0.81,0.006422325422229356,1.3791908329220501,1.3791908329220501,12403
1.0,0.81,0.007443803013251681,1.405757801438426,1.405757801438426,10292
1.0,0.81,0.008627747685955867,1.444026344496128,1.444026344496128,8568
1.0,0.81,0.01,1.4788934159064218,1.4788934159064218,7072
1.0,0.87,3.1622776601683795e-05,0.3299718305109118,0.3299718305109118,502861
1.0,0.87,3.665241237079626e-05,0.34686570728245986,0.34686570728245986,502861
1.0,0.87,4.248201698162608e-05,0.36558279178207337,0.36558279178207337,502861
1.0,0.87,4.9238826317067415e-05,0.38643506276636425,0.38643506276636425,502861
1.0,0.87,5.707031326057167e-05,0.4098099836407547,0.4098099836407547,502861
1.0,0.87,6.614740641230145e-05,0.43619480212074113,0.43619480212074113,502861
1.0,0.87,7.666822074546222e-05,0.4662108827581296,0.4662108827581296,502861
1.0,0.87,8.886238162743407e-05,0.500663262242192,0.500663262242192,502861
1.0,0.87,0.00010299603658099899,0.5406139304367859,0.5406139304367859,502861
1.0,0.87,0.00011937766417144357,0.5874932387849833,0.5874932387849833,502861
1.0,0.87,0.00013836480680324593,0.643274777006828,0.643274777006828,502861
1.0,0.87,0.0001603718743751331,0.7107603270196474,0.7107603270196474,502861
1.0,0.87,0.00018587918911465635,0.7940652055194166,0.7940652055194166,502861
1.0,0.87,0.00021544346900318823,0.899490229117078,0.899490229117078,502861
1.0,0.87,0.0002497099786006541,1.0371946226741031,1.0371946226741031,502861
1.0,0.87,0.0002894266124716752,1.0997581293809706,1.0997581293809706,454207
1.0,0.87,0.00033546021859540435,1.1071290225298478,1.1071290225298478,388518
1.0,0.87,0.00038881551803080855,1.1151648973278852,1.1151648973278852,332144
1.0,0.87,0.0004506570337745473,1.1247002355277917,1.1247002355277917,283935
1.0,0.87,0.0005223345074266843,1.1345228905314937,1.1345228905314937,242428
1.0,0.87,0.0006054123584037269,1.1433182777651665,1.1433182777651665,206505
1.0,0.87,0.0007017038286703822,1.1511704030602532,1.1511704030602532,175544
1.0,0.87,0.0008133105582266928,1.1619557453708262,1.1619557453708262,149388
1.0,0.87,0.0009426684551178855,1.1716557458401171,1.1716557458401171,126794
1.0,0.87,0.001092600861117378,1.183788858044532,1.183788858044532,107665
1.0,0.87,0.0012663801734674022,1.19266890447914,1.19266890447914,91018
1.0,0.87,0.0014677992676220691,1.205401845703885,1.205401845703885,77071
1.0,0.87,0.0017012542798525892,1.220364479290132,1.220364479290132,65244
1.0,0.87,0.001971840556512642,1.235364071454551,1.235364071454551,55105
1.0,0.87,0.0022854638641349886,1.2479761458409115,1.2479761458409115,46344
1.0,0.87,0.0026489692876105267,1.2647096253282544,1.2647096253282544,39010
1.0,0.87,0.00307029062975785,1.2785782462353754,1.2785782462353754,32693
1.0,0.87,0.0035586235730509655,1.2958471675250014,1.2958471675250014,27407
1.0,0.87,0.004124626382901348,1.3097637587256412,1.3097637587256412,22856
1.0,0.87,0.00478065253300738,1.3327099047242674,1.3327099047242674,19135
1.0,0.87,0.005541020330009492,1.3540623559305114,1.3540623559305114,15941
1.0,0.87,0.006422325422229356,1.3711237673327352,1.3711237673327352,13202
1.0,0.87,0.007443803013251681,1.395251080362074,1.395251080362074,10953
1.0,0.87,0.008627747685955867,1.430832427076381,1.430832427076381,9121
1.0,0.87,0.01,1.4662225446141182,1.4662225446141182,7546
2.0,0.75,3.1622776601683795e-05,0.2596549600820276,0.2596549600820276,500849
2.0,0.75,3.665241237079626e-05,0.2700029555944429,0.2700029555944429,500849
2.0,0.75,4.248201698162608e-05,0.28120998054720947,0.28120998054720947,500849
2.0,0.75,4.9238826317067415e-05,0.2933876344274135,0.2933876344274135,500849
2.0,0.75,5.707031326057167e-05,0.3066677227686597,0.3066677227686597,500849
2.0,0.75,6.614740641230145e-05,0.3212070470627785,0.3212070470627785,500849
2.0,0.75,7.666822074546222e-05,0.33719362504420364,0.33719362504420364,500849
2.0,0.75,8.886238162743407e-05,0.35485486577891884,0.35485486577891884,500849
2.0,0.75,0.00010299603658099899,0.3744684558816872,0.3744684558816872,500849
2.0,0.75,0.00011937766417144357,0.39637706718041965,0.39637706718041965,500849
2.0,0.75,0.00013836480680324593,0.42100854812193156,0.42100854812193156,500849
2.0,0.75,0.0001603718743751331,0.4489041423486092,0.4489041423486092,500849
2.0,0.75,0.00018587918911465635,0.48075872174506457,0.48075872174506457,500849
2.0,0.75,0.00021544346900318823,0.5174794576786099,0.5174794576786099,500849
2.0,0.75,0.0002497099786006541,0.560273603953556,0.560273603953556,500849
2.0,0.75,0.0002894266124716752,0.6107837629696007,0.6107837629696007,500849
2.0,0.75,0.00033546021859540435,0.6713035693590018,0.6713035693590018,500849
2.0,0.75,0.00038881551803080855,0.7451357031200644,0.7451357031200644,500849
2.0,0.75,0.0004506570337745473,0.8372153501543137,0.8372153501543137,500849
2.0,0.75,0.0005223345074266843,0.9552611032186332,0.9552611032186332,500849
2.0,0.75,0.0006054123584037269,1.1120593282253344,1.1120593282253344,500849
2.0,0.75,0.0007017038286703822,1.1753252026036987,1.1753252026036987,445925
2.0,0.75,0.0008133105582266928,1.1871095618825351,1.1871095618825351,378334
2.0,0.75,0.0009426684551178855,1.1998371531265843,1.1998371531265843,320618
2.0,0.75,0.001092600861117378,1.213887702143435,1.213887702143435,271462
2.0,0.75,0.0012663801734674022,1.226545418905695,1.226545418905695,229085
2.0,0.75,0.0014677992676220691,1.2399817308891201,1.2399817308891201,193061
2.0,0.75,0.0017012542798525892,1.2544142128561713,1.2544142128561713,162472
2.0,0.75,0.001971840556512642,1.271540996861107,1.271540996861107,136676
2.0,0.75,0.0022854638641349886,1.2886157384854329,1.2886157384854329,114654
2.0,0.75,0.0026489692876105267,1.3027884000621535,1.3027884000621535,95740
2.0,0.75,0.00307029062975785,1.323228563686052,1.323228563686052,80114
2.0,0.75,0.0035586235730509655,1.3393664480648695,1.3393664480648695,66622
2.0,0.75,0.004124626382901348,1.362814636321699,1.362814636321699,55540
2.0,0.75,0.00478065253300738,1.3861927079324758,1.3861927079324758,46124
2.0,0.75,0.005541020330009492,1.4039270246656232,1.4039270246656232,38016
2.0,0.75,0.006422325422229356,1.4292778331372893,1.4292778331372893,31405
2.0,0.75,0.007443803013251681,1.451269640438372,1.451269640438372,25776
2.0,0.75,0.008627747685955867,1.4821916269412077,1.4821916269412077,21198
2.0,0.75,0.01,1.5080723020287519,1.5080723020287519,17296
2.0,0.81,3.1622776601683795e-05,0.25598964330626756,0.25598964330626756,502949
2.0,0.81,3.665241237079626e-05,0.26604189894560865,0.26604189894560865,502949
2.0,0.81,4.248201698162608e-05,0.27691589091708896,0.27691589091708896,502949
2.0,0.81,4.9238826317067415e-05,0.2887166742143126,0.2887166742143126,502949
2.0,0.81,5.707031326057167e-05,0.3015680086300917,0.3015680086300917,502949
2.0,0.81,6.614740641230145e-05,0.31561671562182975,0.31561671562182975,502949
2.0,0.81,7.666822074546222e-05,0.3310383124822835,0.3310383124822835,502949
2.0,0.81,8.886238162743407e-05,0.34804438313903074,0.34804438313903074,502949
2.0,0.81,0.00010299603658099899,0.36689234389917036,0.36689234389917036,502949
2.0,0.81,0.00011937766417144357,0.38789856398818506,0.38789856398818506,502949
2.0,0.81,0.00013836480680324593,0.41145626707725397,0.41145626707725397,502949
2.0,0.81,0.0001603718743751331,0.4380603777170061,0.4380603777170061,502949
2.0,0.81,0.00018587918911465635,0.46834267329657464,0.46834267329657464,502949
2.0,0.81,0.00021544346900318823,0.5031225986691013,0.5031225986691013,502949
2.0,0.81,0.0002497099786006541,0.5434825385364641,0.5434825385364641,502949
2.0,0.81,0.0002894266124716752,0.5908824792125138,0.5908824792125138,502949
2.0,0.81,0.00033546021859540435,0.6473404049329212,0.6473404049329212,502949
2.0,0.81,0.00038881551803080855,0.7157270392271504,0.7157270392271504,502949
2.0,0.81,0.0004506570337745473,0.80026947727384,0.80026947727384,502949
2.0,0.81,0.0005223345074266843,0.9074595648909116,0.9074595648909116,502949
2.0,0.81,0.0006054123584037269,1.0478052045409052,1.0478052045409052,502949
2.0,0.81,0.0007017038286703822,1.1693753014572632,1.1693753014572632,475331
2.0,0.81,0.0008133105582266928,1.1814221776694027,1.1814221776694027,403747
2.0,0.81,0.0009426684551178855,1.1937836698014996,1.1937836698014996,342394
2.0,0.81,0.001092600861117378,1.206266950107878,1.206266950107878,289835
2.0,0.81,0.0012663801734674022,1.2196983317711143,1.2196983317711143,245010
2.0,0.81,0.0014677992676220691,1.2332068509527934,1.2332068509527934,206717
2.0,0.81,0.0017012542798525892,1.2471810758010433,1.2471810758010433,174097
2.0,0.81,0.001971840556512642,1.2634173072940673,1.2634173072940673,146540
2.0,0.81,0.0022854638641349886,1.2812402762816137,1.2812402762816137,123167
2.0,0.81,0.0026489692876105267,1.2946192283974638,1.2946192283974638,102909
2.0,0.81,0.00307029062975785,1.3131768216910327,1.3131768216910327,86113
2.0,0.81,0.0035586235730509655,1.3314000809242772,1.3314000809242772,71813
2.0,0.81,0.004124626382901348,1.3497381427616986,1.3497381427616986,59739
2.0,0.81,0.00478065253300738,1.3731243507657627,1.3731243507657627,49709
2.0,0.81,0.005541020330009492,1.3921809606340112,1.3921809606340112,41090
2.0,0.81,0.006422325422229356,1.4133185243388418,1.4133185243388418,33916
2.0,0.81,0.007443803013251681,1.4384458189693472,1.4384458189693472,27967
2.0,0.81,0.008627747685955867,1.466274467978585,1.466274467978585,23007
2.0,0.81,0.01,1.4946967682807444,1.4946967682807444,18852
2.0,0.87,3.1622776601683795e-05,0.2524156970361178,0.2524156970361178,501709
2.0,0.87,3.665241237079626e-05,0.26218387182143066,0.26218387182143066,501709
2.0,0.87,4.248201698162608e-05,0.27273851446556463,0.27273851446556463,501709
2.0,0.87,4.9238826317067415e-05,0.2841785906637385,0.2841785906637385,501709
2.0,0.87,5.707031326057167e-05,0.296620397636025,0.296620397636025,501709
2.0,0.87,6.614740641230145e-05,0.3102015318545735,0.3102015318545735,501709
2.0,0.87,7.666822074546222e-05,0.3250859990767145,0.3250859990767145,501709
2.0,0.87,8.886238162743407e-05,0.3414708697026527,0.3414708697026527,501709
2.0,0.87,0.00010299603658099899,0.3595950536040301,0.3595950536040301,501709
2.0,0.87,0.00011937766417144357,0.379751026025379,0.379751026025379,501709
2.0,0.87,0.00013836480680324593,0.4023007312062835,0.4023007312062835,501709
2.0,0.87,0.0001603718743751331,0.42769750986689165,0.42769750986689165,501709
2.0,0.87,0.00018587918911465635,0.4565168918829672,0.4565168918829672,501709
2.0,0.87,0.00021544346900318823,0.4895007377881188,0.4895007377881188,501709
2.0,0.87,0.0002497099786006541,0.527622006149566,0.527622006149566,501709
2.0,0.87,0.0002894266124716752,0.5721823405293739,0.5721823405293739,501709
2.0,0.87,0.00033546021859540435,0.6249636682774431,0.6249636682774431,501709
2.0,0.87,0.00038881551803080855,0.6884722317847619,0.6884722317847619,501709
2.0,0.87,0.0004506570337745473,0.766348240184811,0.766348240184811,501709
2.0,0.87,0.0005223345074266843,0.8640890052016178,0.8640890052016178,501709
2.0,0.87,0.0006054123584037269,0.9904063491556251,0.9904063491556251,501709
2.0,0.87,0.0007017038286703822,1.15804843252679,1.15804843252679,500877
2.0,0.87,0.0008133105582266928,1.1754290248292607,1.1754290248292607,427794
2.0,0.87,0.0009426684551178855,1.1869466087254028,1.1869466087254028,362869
2.0,0.87,0.001092600861117378,1.1990080983121805,1.1990080983121805,307358
2.0,0.87,0.0012663801734674022,1.2132436396771846,1.2132436396771846,260288
2.0,0.87,0.0014677992676220691,1.2253484998947375,1.2253484998947375,219580
2.0,0.87,0.0017012542798525892,1.2397221396384455,1.2397221396384455,185207
2.0,0.87,0.001971840556512642,1.2551898027943553,1.2551898027943553,155990
2.0,0.87,0.0022854638641349886,1.271699428150824,1.271699428150824,131159
2.0,0.87,0.0026489692876105267,1.2866167535986668,1.2866167535986668,109862
2.0,0.87,0.00307029062975785,1.302932598579112,1.302932598579112,91912
2.0,0.87,0.0035586235730509655,1.3226166077903991,1.3226166077903991,76860
2.0,0.87,0.004124626382901348,1.3375959005262772,1.3375959005262772,63880
2.0,0.87,0.00478065253300738,1.360450950581649,1.360450950581649,53237
2.0,0.87,0.005541020330009492,1.382395949387755,1.382395949387755,44184
2.0,0.87,0.006422325422229356,1.3987595150579817,1.3987595150579817,36412
2.0,0.87,0.007443803013251681,1.4225442330433822,1.4225442330433822,30070
2.0,0.87,0.008627747685955867,1.4495239768018973,1.4495239768018973,24790
2.0,0.87,0.01,1.4754890592025065,1.4754890592025065,20335
5.0,0.75,3.1622776601683795e-05,0.21936221382313764,0.21936221382313764,497575
5.0,0.75,3.665241237079626e-05,0.22670243411418892,0.22670243411418892,497575
5.0,0.75,4.248201698162608e-05,0.2345508925650989,0.2345508925650989,497575
5.0,0.75,4.9238826317067415e-05,0.24296226790951267,0.24296226790951267,497575
5.0,0.75,5.707031326057167e-05,0.2519993740952598,0.2519993740952598,497575
5.0,0.75,6.614740641230145e-05,0.26173473170133854,0.26173473170133854,497575
5.0,0.75,7.666822074546222e-05,0.27225251823839713,0.27225251823839713,497575
5.0,0.75,8.886238162743407e-05,0.28365100837263363,0.28365100837263363,497575
5.0,0.75,0.00010299603658099899,0.29604565392976745,0.29604565392976745,497575
5.0,0.75,0.00011937766417144357,0.3095730083154972,0.3095730083154972,497575
5.0,0.75,0.00013836480680324593,0.32439577837499023,0.32439577837499023,497575
5.0,0.75,0.0001603718743751331,0.3407094005778886,0.3407094005778886,497575
5.0,0.75,0.00018587918911465635,0.3587507065433624,0.3587507065433624,497575
5.0,0.75,0.00021544346900318823,0.37880949565250316,0.37880949565250316,497575
5.0,0.75,0.0002497099786006541,0.40124421993938936,0.40124421993938936,497575
5.0,0.75,0.0002894266124716752,0.42650359341173794,0.42650359341173794,497575
5.0,0.75,0.00033546021859540435,0.4551569119018758,0.4551569119018758,497575
5.0,0.75,0.00038881551803080855,0.4879374747965025,0.4879374747965025,497575
5.0,0.75,0.0004506570337745473,0.5258062264886996,0.5258062264886996,497575
5.0,0.75,0.0005223345074266843,0.5700475265545497,0.5700475265545497,497575
5.0,0.75,0.0006054123584037269,0.6224177102833179,0.6224177102833179,497575
5.0,0.75,0.0007017038286703822,0.6853838228538393,0.6853838228538393,497575
5.0,0.75,0.0008133105582266928,0.7625235702783953,0.7625235702783953,497575
5.0,0.75,0.0009426684551178855,0.8592296098317308,0.8592296098317308,497575
5.0,0.75,0.001092600861117378,0.9840276044764461,0.9840276044764461,497575
5.0,0.75,0.0012663801734674022,1.151238096473625,1.151238096473625,497575
5.0,0.75,0.0014677992676220691,1.2866575518827834,1.2866575518827834,462962
5.0,0.75,0.0017012542798525892,1.301782963922339,1.301782963922339,386936
5.0,0.75,0.001971840556512642,1.3171840883925032,1.3171840883925032,322688
5.0,0.75,0.0022854638641349886,1.3341245033484492,1.3341245033484492,268773
5.0,0.75,0.0026489692876105267,1.3513725688724147,1.3513725688724147,223310
5.0,0.75,0.00307029062975785,1.3677766979273742,1.3677766979273742,184924
5.0,0.75,0.0035586235730509655,1.3848839234546202,1.3848839234546202,152807
5.0,0.75,0.004124626382901348,1.401930955831011,1.401930955831011,125933
5.0,0.75,0.00478065253300738,1.42252407817468,1.42252407817468,103744
5.0,0.75,0.005541020330009492,1.4434579536141354,1.4434579536141354,85206
5.0,0.75,0.006422325422229356,1.4656318440939755,1.4656318440939755,69807
5.0,0.75,0.007443803013251681,1.4819927957845263,1.4819927957845263,56782
5.0,0.75,0.008627747685955867,1.507074383814581,1.507074383814581,46307
5.0,0.75,0.01,1.5344967044702598,1.5344967044702598,37663
5.0,0.81,3.1622776601683795e-05,0.216121407356251,0.216121407356251,498745
5.0,0.81,3.665241237079626e-05,0.2232428238259339,0.2232428238259339,498745
5.0,0.81,4.248201698162608e-05,0.230849547230986,0.230849547230986,498745
5.0,0.81,4.9238826317067415e-05,0.23899293625787074,0.23899293625787074,498745
5.0,0.81,5.707031326057167e-05,0.24773186144215625,0.24773186144215625,498745
5.0,0.81,6.614740641230145e-05,0.25713413067000884,0.25713413067000884,498745
5.0,0.81,7.666822074546222e-05,0.267278252101876,0.267278252101876,498745
5.0,0.81,8.886238162743407e-05,0.27825563152617655,0.27825563152617655,498745
5.0,0.81,0.00010299603658099899,0.2901733343896146,0.2901733343896146,498745
5.0,0.81,0.00011937766417144357,0.3031575893754209,0.3031575893754209,498745
5.0,0.81,0.00013836480680324593,0.31735827668171446,0.31735827668171446,498745
5.0,0.81,0.0001603718743751331,0.33295473974921747,0.33295473974921747,498745
5.0,0.81,0.00018587918911465635,0.3501633992527277,0.3501633992527277,498745
5.0,0.81,0.00021544346900318823,0.36924785693987533,0.36924785693987533,498745
5.0,0.81,0.0002497099786006541,0.3905324939769404,0.3905324939769404,498745
5.0,0.81,0.0002894266124716752,0.4144210600955109,0.4144210600955109,498745
5.0,0.81,0.00033546021859540435,0.4414225297580437,0.4414225297580437,498745
5.0,0.81,0.00038881551803080855,0.47218777070081475,0.47218777070081475,498745
5.0,0.81,0.0004506570337745473,0.5075626950757121,0.5075626950757121,498745
5.0,0.81,0.0005223345074266843,0.5486672369975988,0.5486672369975988,498745
5.0,0.81,0.0006054123584037269,0.5970160873539483,0.5970160873539483,498745
5.0,0.81,0.0007017038286703822,0.654709432708667,0.654709432708667,498745
5.0,0.81,0.0008133105582266928,0.724746118475401,0.724746118475401,498745
5.0,0.81,0.0009426684551178855,0.8115618909324043,0.8115618909324043,498745
5.0,0.81,0.001092600861117378,0.9220071345200643,0.9220071345200643,498745
5.0,0.81,0.0012663801734674022,1.0672487329720233,1.0672487329720233,498745
5.0,0.81,0.0014677992676220691,1.2664749929743342,1.2664749929743342,498615
5.0,0.81,0.0017012542798525892,1.2943441578284878,1.2943441578284878,421485
5.0,0.81,0.001971840556512642,1.3096743400946098,1.3096743400946098,351925
5.0,0.81,0.0022854638641349886,1.3249473464978085,1.3249473464978085,293144
5.0,0.81,0.0026489692876105267,1.3413003548573734,1.3413003548573734,243755
5.0,0.81,0.00307029062975785,1.3574835866894621,1.3574835866894621,202134
5.0,0.81,0.0035586235730509655,1.3751682369419718,1.3751682369419718,167370
5.0,0.81,0.004124626382901348,1.3909119457564045,1.3909119457564045,138031
5.0,0.81,0.00478065253300738,1.4100986806897615,1.4100986806897615,113820
5.0,0.81,0.005541020330009492,1.430316091976428,1.430316091976428,93625
5.0,0.81,0.006422325422229356,1.4512185512673423,1.4512185512673423,76801
5.0,0.81,0.007443803013251681,1.470386771722933,1.470386771722933,62713
5.0,0.81,0.008627747685955867,1.4921098704625229,1.4921098704625229,51155
5.0,0.81,0.01,1.5192551778114447,1.5192551778114447,41709
5.0,0.87,3.1622776601683795e-05,0.2135508747550756,0.2135508747550756,503380
5.0,0.87,3.665241237079626e-05,0.2205011714825244,0.2205011714825244,503380
5.0,0.87,4.248201698162608e-05,0.2279191012152704,0.2279191012152704,503380
5.0,0.87,4.9238826317067415e-05,0.23585350217370363,0.23585350217370363,503380
5.0,0.87,5.707031326057167e-05,0.2443602585595432,0.2443602585595432,503380
5.0,0.87,6.614740641230145e-05,0.25350361877234534,0.25350361877234534,503380
5.0,0.87,7.666822074546222e-05,0.26335782107658456,0.26335782107658456,503380
5.0,0.87,8.886238162743407e-05,0.27400911376142456,0.27400911376142456,503380
5.0,0.87,0.00010299603658099899,0.2855582861851073,0.2855582861851073,503380
5.0,0.87,0.00011937766417144357,0.2981238680691603,0.2981238680691603,503380
5.0,0.87,0.00013836480680324593,0.3118462123545318,0.3118462123545318,503380
5.0,0.87,0.0001603718743751331,0.32689276004205825,0.32689276004205825,503380
5.0,0.87,0.00018587918911465635,0.343464906470183,0.343464906470183,503380
5.0,0.87,0.00021544346900318823,0.3618070676842212,0.3618070676842212,503380
5.0,0.87,0.0002497099786006541,0.38221881574144845,0.38221881574144845,503380
5.0,0.87,0.0002894266124716752,0.40507136737622274,0.40507136737622274,503380
5.0,0.87,0.00033546021859540435,0.43083036387453033,0.43083036387453033,503380
5.0,0.87,0.00038881551803080855,0.4600879327977979,0.4600879327977979,503380
5.0,0.87,0.0004506570337745473,0.493608765318908,0.493608765318908,503380
5.0,0.87,0.0005223345074266843,0.5323979188717126,0.5323979188717126,503380
5.0,0.87,0.0006054123584037269,0.5778033149717572,0.5778033149717572,503380
5.0,0.87,0.0007017038286703822,0.6316755761615086,0.6316755761615086,503380
5.0,0.87,0.0008133105582266928,0.6966264726211004,0.6966264726211004,503380
5.0,0.87,0.0009426684551178855,0.7764650882925095,0.7764650882925095,503380
5.0,0.87,0.001092600861117378,0.8769727378319008,0.8769727378319008,503380
5.0,0.87,0.0012663801734674022,1.0073692147938207,1.0073692147938207,503380
5.0,0.87,0.0014677992676220691,1.1833156029845473,1.1833156029845473,503380
5.0,0.87,0.0017012542798525892,1.2854848934296492,1.2854848934296492,454097
5.0,0.87,0.001971840556512642,1.3005781091846196,1.3005781091846196,379596
5.0,0.87,0.0022854638641349886,1.3151083712024803,1.3151083712024803,316441
5.0,0.87,0.0026489692876105267,1.331601771280799,1.331601771280799,263549
5.0,0.87,0.00307029062975785,1.3485026235977844,1.3485026235977844,219015
5.0,0.87,0.0035586235730509655,1.3636013523686765,1.3636013523686765,181309
5.0,0.87,0.004124626382901348,1.3801980585461164,1.3801980585461164,149878
5.0,0.87,0.00478065253300738,1.3967550072534682,1.3967550072534682,123578
5.0,0.87,0.005541020330009492,1.41796740860359,1.41796740860359,101923
5.0,0.87,0.006422325422229356,1.437056387808531,1.437056387808531,83671
5.0,0.87,0.007443803013251681,1.457229284508563,1.457229284508563,68521
5.0,0.87,0.008627747685955867,1.4758572352491013,1.4758572352491013,55895
5.0,0.87,0.01,1.5014531598280998,1.5014531598280998,45653
