subhalo,zs,Nreal,M_host,log10_M_host,host_events,smooth_host_seconds,subhalo_seconds,subhalo_calls,subhalo_clumps,mean_smooth_us_per_host,mean_subhalo_ms_per_call,mean_clumps_per_call,mean_fsub_seen,mean_Nsub_seen,subhalo_time_fraction
false,1,1000,12618568.8307,7.10101010101,248,1.4453e-05,0,0,0,0.0582782258065,0,0,0,0,0
false,1,1000,15922827.9334,7.20202020202,901,4.6084e-05,0,0,0,0.0511476137625,0,0,0,0,0
false,1,1000,20092330.0257,7.30303030303,234,1.3908e-05,0,0,0,0.0594358974359,0,0,0,0,0
false,1,1000,25353644.9397,7.40404040404,236,1.43e-05,0,0,0,0.060593220339,0,0,0,0,0
false,1,1000,31992671.378,7.50505050505,225,1.3915e-05,0,0,0,0.0618444444444,0,0,0,0,0
false,1,1000,40370172.586,7.60606060606,373,2.1926e-05,0,0,0,0.0587828418231,0,0,0,0,0
false,1,1000,50941380.1482,7.70707070707,374,2.5337e-05,0,0,0,0.0677459893048,0,0,0,0,0
false,1,1000,64280731.1728,7.80808080808,304,1.8165e-05,0,0,0,0.0597532894737,0,0,0,0,0
false,1,1000,81113083.079,7.90909090909,461,2.6582e-05,0,0,0,0.0576616052061,0,0,0,0,0
false,1,1000,102353102.19,8.0101010101,641,4.2598e-05,0,0,0,0.0664555382215,0,0,0,0,0
false,1,1000,129154966.501,8.11111111111,799,4.1822e-05,0,0,0,0.0523429286608,0,0,0,0,0
false,1,1000,162975083.462,8.21212121212,494,2.7662e-05,0,0,0,0.055995951417,0,0,0,0,0
false,1,1000,205651230.835,8.31313131313,418,2.6963e-05,0,0,0,0.064504784689,0,0,0,0,0
false,1,1000,259502421.14,8.41414141414,488,3.6284e-05,0,0,0,0.0743524590164,0,0,0,0,0
false,1,1000,327454916.288,8.51515151515,501,3.0041e-05,0,0,0,0.0599620758483,0,0,0,0,0
false,1,1000,413201240.012,8.61616161616,625,3.5374e-05,0,0,0,0.0565984,0,0,0,0,0
false,1,1000,521400828.8,8.71717171717,582,3.4894e-05,0,0,0,0.0599553264605,0,0,0,0,0
false,1,1000,657933224.658,8.81818181818,603,3.4441e-05,0,0,0,0.0571160862355,0,0,0,0,0
false,1,1000,830217568.132,8.91919191919,603,4.1105e-05,0,0,0,0.0681674958541,0,0,0,0,0
false,1,1000,1047615752.79,9.0202020202,668,3.775e-05,0,0,0,0.0565119760479,0,0,0,0,0
false,1,1000,1321941148.47,9.12121212121,710,4.021e-05,0,0,0,0.0566338028169,0,0,0,0,0
false,1,1000,1668100537.2,9.22222222222,646,3.7415e-05,0,0,0,0.0579179566563,0,0,0,0,0
false,1,1000,2104904144.51,9.32323232323,816,4.5932e-05,0,0,0,0.0562892156863,0,0,0,0,0
false,1,1000,2656087782.95,9.42424242424,920,5.2234e-05,0,0,0,0.0567760869565,0,0,0,0,0
false,1,1000,3351602650.94,9.52525252525,810,4.7668e-05,0,0,0,0.058849382716,0,0,0,0,0
false,1,1000,4229242874.39,9.62626262626,833,4.9379e-05,0,0,0,0.0592785114046,0,0,0,0,0
false,1,1000,5336699231.21,9.72727272727,851,4.859e-05,0,0,0,0.0570975323149,0,0,0,0,0
false,1,1000,6734150657.75,9.82828282828,888,5.1032e-05,0,0,0,0.0574684684685,0,0,0,0,0
false,1,1000,8497534359.09,9.92929292929,1024,6.0084e-05,0,0,0,0.05867578125,0,0,0,0,0
false,1,1000,10722672220.1,10.0303030303,1042,6.0707e-05,0,0,0,0.0582600767754,0,0,0,0,0
false,1,1000,13530477745.8,10.1313131313,961,5.5809e-05,0,0,0,0.0580738813736,0,0,0,0,0
false,1,1000,17073526474.7,10.2323232323,1075,6.4384e-05,0,0,0,0.0598920930233,0,0,0,0,0
false,1,1000,21544346900.3,10.3333333333,1072,6.3102e-05,0,0,0,0.0588638059701,0,0,0,0,0
false,1,1000,27185882427.3,10.4343434343,1258,7.3708e-05,0,0,0,0.0585914149444,0,0,0,0,0
false,1,1000,34304692863.2,10.5353535354,1197,6.9138e-05,0,0,0,0.0577593984962,0,0,0,0,0
false,1,1000,43287612810.8,10.6363636364,1250,7.472e-05,0,0,0,0.059776,0,0,0,0,0
false,1,1000,54622772176.8,10.7373737374,1264,7.4844e-05,0,0,0,0.0592120253165,0,0,0,0,0
false,1,1000,68926121043.5,10.8383838384,1316,7.8112e-05,0,0,0,0.0593556231003,0,0,0,0,0
false,1,1000,86974900261.8,10.9393939394,1376,8.1997e-05,0,0,0,0.0595908430233,0,0,0,0,0
false,1,1000,109749876549,11.0404040404,1441,8.5907e-05,0,0,0,0.0596162387231,0,0,0,0,0
false,1,1000,138488637139,11.1414141414,1462,8.662e-05,0,0,0,0.0592476060192,0,0,0,0,0
false,1,1000,174752840001,11.2424242424,1528,9.1012e-05,0,0,0,0.0595628272251,0,0,0,0,0
false,1,1000,220513073990,11.3434343434,1632,0.000101253,0,0,0,0.0620422794118,0,0,0,0,0
false,1,1000,278255940221,11.4444444444,1670,0.000103369,0,0,0,0.0618976047904,0,0,0,0,0
false,1,1000,351119173422,11.5454545455,1835,0.00011176,0,0,0,0.0609046321526,0,0,0,0,0
false,1,1000,443062145758,11.6464646465,1891,0.000111703,0,0,0,0.0590708619778,0,0,0,0,0
false,1,1000,559081018251,11.7474747475,1927,0.000119112,0,0,0,0.0618121432278,0,0,0,0,0
false,1,1000,705480231072,11.8484848485,1883,0.000109114,0,0,0,0.0579468932554,0,0,0,0,0
false,1,1000,890215085445,11.9494949495,1921,0.00011302,0,0,0,0.0588339406559,0,0,0,0,0
false,1,1000,1.12332403298e+12,12.0505050505,2163,0.000134655,0,0,0,0.062253814147,0,0,0,0,0
false,1,1000,1.41747416293e+12,12.1515151515,2244,0.00013398,0,0,0,0.0597058823529,0,0,0,0,0
false,1,1000,1.78864952906e+12,12.2525252525,2065,0.000121991,0,0,0,0.0590755447942,0,0,0,0,0
false,1,1000,2.25701971963e+12,12.3535353535,2316,0.000135922,0,0,0,0.0586882556131,0,0,0,0,0
false,1,1000,2.84803586844e+12,12.4545454545,2342,0.000138098,0,0,0,0.0589658411614,0,0,0,0,0
false,1,1000,3.5938136638e+12,12.5555555556,2286,0.000140864,0,0,0,0.0616202974628,0,0,0,0,0
false,1,1000,4.53487850813e+12,12.6565656566,2346,0.000137441,0,0,0,0.0585852514919,0,0,0,0,0
false,1,1000,5.72236765935e+12,12.7575757576,2365,0.000144968,0,0,0,0.0612972515856,0,0,0,0,0
false,1,1000,7.22080901839e+12,12.8585858586,2417,0.000144502,0,0,0,0.0597856847331,0,0,0,0,0
false,1,1000,9.11162756116e+12,12.9595959596,2375,0.000139555,0,0,0,0.05876,0,0,0,0,0
false,1,1000,1.1497569954e+13,13.0606060606,2386,0.000154509,0,0,0,0.064756496228,0,0,0,0,0
false,1,1000,1.4508287785e+13,13.1616161616,2523,0.00014871,0,0,0,0.0589417360285,0,0,0,0,0
false,1,1000,1.8307382803e+13,13.2626262626,2546,0.000149988,0,0,0,0.0589112333071,0,0,0,0,0
false,1,1000,2.31012970008e+13,13.3636363636,2339,0.000138769,0,0,0,0.0593283454468,0,0,0,0,0
false,1,1000,2.91505306283e+13,13.4646464646,2376,0.000139608,0,0,0,0.0587575757576,0,0,0,0,0
false,1,1000,3.67837977183e+13,13.5656565657,2221,0.000131696,0,0,0,0.059295812697,0,0,0,0,0
false,1,1000,4.64158883361e+13,13.6666666667,2301,0.000138175,0,0,0,0.0600499782703,0,0,0,0,0
false,1,1000,5.85702081806e+13,13.7676767677,2070,0.000124004,0,0,0,0.0599053140097,0,0,0,0,0
false,1,1000,7.39072203353e+13,13.8686868687,2036,0.000121109,0,0,0,0.0594837917485,0,0,0,0,0
false,1,1000,9.32603346883e+13,13.9696969697,1779,0.000109592,0,0,0,0.0616031478359,0,0,0,0,0
false,1,1000,1.17681195244e+14,14.0707070707,1638,0.000100024,0,0,0,0.0610647130647,0,0,0,0,0
false,1,1000,1.48496826225e+14,14.1717171717,1456,8.7044e-05,0,0,0,0.059782967033,0,0,0,0,0
false,1,1000,1.87381742286e+14,14.2727272727,1273,7.5116e-05,0,0,0,0.0590070699136,0,0,0,0,0
false,1,1000,2.36448941265e+14,14.3737373737,1064,6.4906e-05,0,0,0,0.0610018796992,0,0,0,0,0
false,1,1000,2.98364724028e+14,14.4747474747,867,5.0979e-05,0,0,0,0.0587993079585,0,0,0,0,0
false,1,1000,3.76493580679e+14,14.5757575758,730,4.3728e-05,0,0,0,0.059901369863,0,0,0,0,0
false,1,1000,4.7508101621e+14,14.6767676768,499,3.1126e-05,0,0,0,0.062376753507,0,0,0,0,0
false,1,1000,5.99484250319e+14,14.7777777778,377,2.2622e-05,0,0,0,0.0600053050398,0,0,0,0,0
false,1,1000,7.56463327555e+14,14.8787878788,268,1.6168e-05,0,0,0,0.060328358209,0,0,0,0,0
false,1,1000,9.54548456662e+14,14.9797979798,203,1.1759e-05,0,0,0,0.0579261083744,0,0,0,0,0
false,1,1000,1.20450354026e+15,15.0808080808,134,8.076e-06,0,0,0,0.0602686567164,0,0,0,0,0
false,1,1000,1.51991108295e+15,15.1818181818,63,3.499e-06,0,0,0,0.0555396825397,0,0,0,0,0
false,1,1000,1.91791026167e+15,15.2828282828,35,1.873e-06,0,0,0,0.0535142857143,0,0,0,0,0
false,1,1000,2.42012826479e+15,15.3838383838,14,9.59e-07,0,0,0,0.0685,0,0,0,0,0
false,1,1000,3.05385550883e+15,15.4848484848,5,3.33e-07,0,0,0,0.0666,0,0,0,0,0
false,1,1000,3.85352859371e+15,15.5858585859,1,8.4e-08,0,0,0,0.084,0,0,0,0,0
false,1,1000,4.86260158007e+15,15.6868686869,1,4.1e-08,0,0,0,0.041,0,0,0,0,0
